"Guid","Comments","Description","IsEscalated","Origin","ParentId","Priority","Reason","Status","Subject","SuppliedCompany","SuppliedEmail","SuppliedName","SuppliedPhone","Type"
0074452e-0fdb-4b7f-94a9-7f82e42c7f0a,"#N/A","#N/A",false,Phone,"#N/A",High,Instructions not clear,New,Sample Case 2: The widgets we received are the wrong size.,"#N/A","#N/A","#N/A","#N/A","#N/A"
02adfa4c-3e54-48cf-8d44-8ca3dd26d96c,"#N/A","#N/A",false,Phone,"#N/A",High,Instructions not clear,New,Sample Case 2: The widgets we received are the wrong size.,"#N/A","#N/A","#N/A","#N/A","#N/A"
02c70a74-76a1-41dc-94d6-0c2315866145,"#N/A","#N/A",false,Phone,"#N/A",High,"#N/A",Escalated,Sample Case: Our Widgets have not been delivered.,"#N/A","#N/A","#N/A","#N/A","#N/A"
1566f7ca-1161-4c7f-bd21-2f4326eeffbf,"#N/A","#N/A",false,Phone,"#N/A",High,Instructions not clear,New,Sample Case 2: size.,"#N/A","#N/A","#N/A","#N/A","#N/A"
16c431ba-c978-479b-8a4e-755aafa994fc,"#N/A","#N/A",false,Phone,"#N/A",High,Instructions not clear,New,Sample Case 2: The widgets we received are the wrong size.,"#N/A","#N/A","#N/A","#N/A","#N/A"
1afa0ab9-87e1-4504-9f77-6e30a2c63cc9,"#N/A","#N/A",false,Email,"#N/A",Medium,"#N/A",New,"#N/A","#N/A","#N/A","#N/A","#N/A","#N/A"
2382926c-0454-4caa-a998-9171d07d3aaf,"#N/A","#N/A",false,Phone,"#N/A",Low,"#N/A",On Hold,Sample Case 3: Cannot track our order.,"#N/A","#N/A","#N/A","#N/A","#N/A"
2b3ce7fa-6b91-4483-9e99-117505883e8a,"#N/A","#N/A",false,Phone,"#N/A",High,Instructions not clear,New,Sample Case 2: size.,"#N/A","#N/A","#N/A","#N/A","#N/A"
3f9bebee-26d2-41eb-874d-f19b93abdd68,"#N/A","#N/A",false,Email,"#N/A",Medium,"#N/A",New,"#N/A","#N/A","#N/A","#N/A","#N/A","#N/A"
402cef6a-3d2b-4992-9e52-5dd70a2f954e,"#N/A","#N/A",false,Phone,"#N/A",High,"#N/A",Escalated,Sample Case: Our Widgets have not been delivered.,"#N/A","#N/A","#N/A","#N/A","#N/A"
4827caef-489b-4625-b7da-ccf99df9d90b,"#N/A","#N/A",false,Phone,"#N/A",High,Instructions not clear,New,Sample Case 2: The widgets we received are the wrong size.,"#N/A","#N/A","#N/A","#N/A","#N/A"
49071d81-8611-43e2-91af-5b323819f7af,"#N/A","#N/A",false,Phone,"#N/A",High,"#N/A",Escalated,Sample Case: Our Widgets have not been delivered.,"#N/A","#N/A","#N/A","#N/A","#N/A"
497a1271-a226-4cb5-806e-3b7f99d40bba,"#N/A","#N/A",false,Phone,"#N/A",High,"#N/A",Escalated,Sample Case: Our Widgets have not been delivered.,"#N/A","#N/A","#N/A","#N/A","#N/A"
6291312a-5d55-4246-8f94-616b3e59a5c4,"#N/A","#N/A",false,Phone,"#N/A",High,Instructions not clear,New,Sample Case 2: The widgets we received are the wrong size.,"#N/A","#N/A","#N/A","#N/A","#N/A"
7b958c79-e7a1-4ee1-ac72-ef35fda2ebab,"#N/A","#N/A",false,Phone,"#N/A",Low,"#N/A",On Hold,Sample Case 3: Cannot track our order.,"#N/A","#N/A","#N/A","#N/A","#N/A"
7ccdc055-6b11-46ee-81a7-375029054b9b,"#N/A","#N/A",false,Email,"#N/A",Medium,"#N/A",New,"#N/A","#N/A","#N/A","#N/A","#N/A","#N/A"
91bbbc00-e6b0-4bf0-be47-4588814a467d,"#N/A","#N/A",false,Phone,"#N/A",High,"#N/A",Escalated,Sample Case: Our Widgets have not been delivered.,"#N/A","#N/A","#N/A","#N/A","#N/A"
9deca64b-6a99-4178-8a91-4603a37f39ca,"#N/A","#N/A",false,Email,"#N/A",Medium,"#N/A",New,"#N/A","#N/A","#N/A","#N/A","#N/A","#N/A"
9fe9b1ae-4394-4912-a9d9-363baf747c4c,"#N/A","#N/A",false,Email,"#N/A",Medium,"#N/A",New,"#N/A","#N/A","#N/A","#N/A","#N/A","#N/A"
a59d5c41-8001-4a32-ab2e-fa2476b0573b,"#N/A","#N/A",false,Email,"#N/A",Medium,"#N/A",New,"#N/A","#N/A","#N/A","#N/A","#N/A","#N/A"
a9c0ed47-13f9-401e-952a-a062678ad1da,"#N/A","#N/A",false,Phone,"#N/A",Low,"#N/A",On Hold,Sample Case 3: Cannot track our order.,"#N/A","#N/A","#N/A","#N/A","#N/A"
b48619cc-d1e3-43f9-b603-6d00e2f3283b,"#N/A","#N/A",false,Phone,"#N/A",High,"#N/A",Escalated,Sample Case: Our Widgets have not been delivered.,"#N/A","#N/A","#N/A","#N/A","#N/A"
c03cda7d-c281-49fc-b078-5ab66aac6906,"#N/A","#N/A",false,Phone,"#N/A",Low,"#N/A",On Hold,Sample Case 3 IS THIS DUPLICATE: Cannot track our order.,"#N/A","#N/A","#N/A","#N/A","#N/A"
c2d64846-c8db-469c-8929-ecd93a4215a0,"#N/A","#N/A",false,Phone,"#N/A",High,Instructions not clear,New,Sample Case 2: The widgets we received are the wrong size.,"#N/A","#N/A","#N/A","#N/A","#N/A"
c2ea0366-be9c-4d0a-b45b-e73ce36b7394,"#N/A","#N/A",false,Phone,"#N/A",High,"#N/A",Escalated,Sample Case: Our Widgets have not been delivered.,"#N/A","#N/A","#N/A","#N/A","#N/A"
c450948a-3e19-4015-87da-8de3948eccd3,"#N/A","#N/A",false,Phone,"#N/A",Low,"#N/A",On Hold,Sample Case 3: Cannot track our order.,"#N/A","#N/A","#N/A","#N/A","#N/A"
d45e224a-57e7-4ace-8fa3-e892993ee61e,"#N/A","#N/A",false,Phone,"#N/A",High,"#N/A",Escalated,Sample Case: Our Widgets have not been delivered.,"#N/A","#N/A","#N/A","#N/A","#N/A"
d5296ec3-0f6e-4de5-8ee3-65618dd9628b,"#N/A","#N/A",false,Phone,"#N/A",Low,"#N/A",On Hold,Sample Case 3: Cannot track our order.,"#N/A","#N/A","#N/A","#N/A","#N/A"
dde3e40e-c5e2-4ef2-be22-4377b3bf949f,"#N/A","#N/A",false,Phone,"#N/A",High,Instructions not clear,New,Sample Case 2: The widgets we received are the wrong size.,"#N/A","#N/A","#N/A","#N/A","#N/A"
df6f6813-5e42-49c1-9832-c7cc49030a36,"#N/A","#N/A",false,Phone,"#N/A",High,"#N/A",Escalated,Sample Case: Our Widgets have not been delivered.,"#N/A","#N/A","#N/A","#N/A","#N/A"
dfae075a-0157-4ea8-996b-16474f9cc0b9,"#N/A","#N/A",false,Phone,"#N/A",Low,"#N/A",On Hold,Sample Case 3: Cannot track our order.,"#N/A","#N/A","#N/A","#N/A","#N/A"
e26d4905-af20-4afe-bdd5-5a5c56020f0a,"#N/A","#N/A",false,Phone,"#N/A",Low,"#N/A",On Hold,Sample Case 3 IS THIS DUPLICATE: Cannot track our order.,"#N/A","#N/A","#N/A","#N/A","#N/A"
e7829543-fcf1-41a6-83ca-5e5a60196abf,"#N/A","#N/A",false,Phone,"#N/A",Low,"#N/A",On Hold,Sample Case 3: Cannot track our order.,"#N/A","#N/A","#N/A","#N/A","#N/A"
e9fd0da0-4edf-4989-9253-77c1cafc268a,"#N/A","#N/A",false,Phone,"#N/A",High,"#N/A",Escalated,Sample Case: Our Widgets have not been delivered.,"#N/A","#N/A","#N/A","#N/A","#N/A"
ea9b8c69-24ac-4077-aa26-bded8d3ab35d,"#N/A","#N/A",false,Phone,"#N/A",High,"#N/A",Escalated,Sample Case: Our Widgets have not been delivered.,"#N/A","#N/A","#N/A","#N/A","#N/A"
f38d26e3-01d8-497c-9245-042d7ac3836b,"#N/A","#N/A",false,Email,"#N/A",Medium,"#N/A",New,"#N/A","#N/A","#N/A","#N/A","#N/A","#N/A"
f44b0ed7-69a3-49ae-8c29-2474e53c6da0,"#N/A","#N/A",false,Phone,"#N/A",Low,"#N/A",On Hold,Sample Case 3: Cannot track our order.,"#N/A","#N/A","#N/A","#N/A","#N/A"
f6f8c1cb-9201-4fa5-b15c-477d85f93d3b,"#N/A","#N/A",false,Phone,"#N/A",High,Instructions not clear,New,Sample Case 2: The widgets we received are the wrong size.,"#N/A","#N/A","#N/A","#N/A","#N/A"
fb43d818-0c6d-49ba-a66b-33e17236ed49,"#N/A","#N/A",false,Phone,"#N/A",Low,"#N/A",On Hold,Sample Case 3: Cannot track our order.,"#N/A","#N/A","#N/A","#N/A","#N/A"
fbd04e32-9f44-4736-9a89-63a896f8b7e0,"#N/A","#N/A",false,Phone,"#N/A",High,Instructions not clear,New,Sample Case 2: The widgets we received are the wrong size.,"#N/A","#N/A","#N/A","#N/A","#N/A"
